{"cameraMode":{"drawMode":0,"name":"Shaded","section":"Shading Mode"},"sceneLighting":true,"audioPlay":false,"sceneViewState":{"showFog":true,"showMaterialUpdate":false,"showSkybox":true,"showFlares":true,"showImageEffects":true,"showParticleSystems":true},"in2DMode":false,"pivot":{"x":-0.7297431230545044,"y":1.942223072052002,"z":-0.07032835483551026},"rotation":{"x":0.2089555263519287,"y":0.37971651554107668,"z":-0.08845888823270798,"w":0.8968604207038879},"size":4.583911418914795,"orthographic":true}