{"cameraMode":{"drawMode":1,"name":"Wireframe","section":"Shading Mode"},"sceneLighting":false,"audioPlay":false,"sceneViewState":{"showFog":true,"showMaterialUpdate":false,"showSkybox":false,"showFlares":true,"showImageEffects":true,"showParticleSystems":true},"in2DMode":false,"pivot":{"x":0.8964785933494568,"y":1.365440845489502,"z":0.40925759077072146},"rotation":{"x":0.6609707474708557,"y":0.0191285889595747,"z":-0.016858410090208055,"w":0.7499781250953674},"size":6.420859336853027,"orthographic":false}